url,status,title,meta_description,readability_title,n_links,n_images,n_tables,n_jsonld,n_emails,n_phones
https://moncoinsante.com/mcs/en/3-medicines,200,,,,,,,,,
https://moncoinsante.com/mcs/en/my-account,200,,,,,,,,,
https://moncoinsante.com/mcs/en/302-featured,200,,,,,,,,,
https://moncoinsante.com/mcs/en/new-products,200,,,,,,,,,
https://moncoinsante.com/mcs/en/,200,,,,,,,,,
https://moncoinsante.com/mcs/fr/3-medicaments,200,,,,,,,,,
https://moncoinsante.com/mcs/en/413-candles,200,,,,,,,,,
https://moncoinsante.com/mcs/fr/promotions,200,,,,,,,,,
https://moncoinsante.com/mcs/en/414-box,200,,,,,,,,,
https://moncoinsante.com/mcs/en/381-gift-ideas,200,,,,,,,,,
https://moncoinsante.com/mcs/en/415-baby-and-children,200,,,,,,,,,
https://moncoinsante.com/mcs/en/7-cardiovascular-prevention,200,,,,,,,,,
https://moncoinsante.com/mcs/en/6-heavy-legs,200,,,,,,,,,
https://moncoinsante.com/mcs/en/5-hemorrhoids,200,,,,,,,,,
https://moncoinsante.com/mcs/en/4-blood-circulation,200,,,,,,,,,
https://moncoinsante.com/mcs/en/8-dermatology,200,,,,,,,,,
https://moncoinsante.com/mcs/en/10-pest-control,200,,,,,,,,,
https://moncoinsante.com/mcs/en/9-anti-acne,200,,,,,,,,,
https://moncoinsante.com/mcs/en/12-burns-and-sunburns,200,,,,,,,,,
https://moncoinsante.com/mcs/en/11-antiseptic,200,,,,,,,,,
https://moncoinsante.com/mcs/en/13-hair-and-nails,200,,,,,,,,,
https://moncoinsante.com/mcs/en/14-herpes-and-cold-sores,200,,,,,,,,,
https://moncoinsante.com/mcs/en/15-skin-irritation-and-dryness,200,,,,,,,,,
https://moncoinsante.com/mcs/en/17-sting-and-itching,200,,,,,,,,,
https://moncoinsante.com/mcs/en/16-mycosis,200,,,,,,,,,
https://moncoinsante.com/mcs/en/18-warts-and-corns,200,,,,,,,,,
https://moncoinsante.com/mcs/en/21-pain-and-fever,200,,,,,,,,,
https://moncoinsante.com/mcs/en/22-aspirin,200,,,,,,,,,
https://moncoinsante.com/mcs/en/19-wounds-and-healing,200,,,,,,,,,
https://moncoinsante.com/mcs/en/20-various-medications,200,,,,,,,,,
https://moncoinsante.com/mcs/en/23-knocks-bumps,200,,,,,,,,,
https://moncoinsante.com/mcs/en/24-ibuprofen,200,,,,,,,,,
https://moncoinsante.com/mcs/en/25-muscles-joints,200,,,,,,,,,
https://moncoinsante.com/mcs/en/27-form-and-vitality,200,,,,,,,,,
https://moncoinsante.com/mcs/en/26-paracetamol,200,,,,,,,,,
https://moncoinsante.com/mcs/en/28-deficiency,200,,,,,,,,,
https://moncoinsante.com/mcs/en/32-bones-skeleton,200,,,,,,,,,
https://moncoinsante.com/mcs/en/30-memory,200,,,,,,,,,
https://moncoinsante.com/mcs/en/29-energizers-fatigue,200,,,,,,,,,
https://moncoinsante.com/mcs/en/31-trace-elements,200,,,,,,,,,
https://moncoinsante.com/mcs/en/33-stress-sleep-disorders,200,,,,,,,,,
https://moncoinsante.com/mcs/en/37-yeast-infection,200,,,,,,,,,
https://moncoinsante.com/mcs/en/443-cicatrisant-,200,,,,,,,,,
https://moncoinsante.com/mcs/en/34-mood-disorder,200,,,,,,,,,
https://moncoinsante.com/mcs/en/35-gynecology,200,,,,,,,,,
https://moncoinsante.com/mcs/en/38-homeopathy,200,,,,,,,,,
https://moncoinsante.com/mcs/en/383-a-b,200,,,,,,,,,
https://moncoinsante.com/mcs/en/390-c-d,200,,,,,,,,,
https://moncoinsante.com/mcs/en/384-e-f-g-h,200,,,,,,,,,
https://moncoinsante.com/mcs/en/39-tubes-and-doses,200,,,,,,,,,
https://moncoinsante.com/mcs/en/385-i-j-k-l,200,,,,,,,,,
https://moncoinsante.com/mcs/en/387-q-r-s-t,200,,,,,,,,,
https://moncoinsante.com/mcs/en/386-m-n-o-p,200,,,,,,,,,
https://moncoinsante.com/mcs/en/389-y-z,200,,,,,,,,,
https://moncoinsante.com/mcs/en/388-u-v-w-x,200,,,,,,,,,
https://moncoinsante.com/mcs/en/40-drops-and-mother-tincture,200,,,,,,,,,
https://moncoinsante.com/mcs/en/41-ointments-and-suppositories,200,,,,,,,,,
https://moncoinsante.com/mcs/en/42-asthma,200,,,,,,,,,
https://moncoinsante.com/mcs/en/43-blues-blows,200,,,,,,,,,
https://moncoinsante.com/mcs/en/307-bulbs,200,,,,,,,,,
https://moncoinsante.com/mcs/en/44-digestive-comfort,200,,,,,,,,,
https://moncoinsante.com/mcs/en/47-dentition,200,,,,,,,,,
https://moncoinsante.com/mcs/en/48-ophthalmology,200,,,,,,,,,
https://moncoinsante.com/mcs/en/46-skin-irritation,200,,,,,,,,,
https://moncoinsante.com/mcs/en/45-muscle-aches,200,,,,,,,,,
https://moncoinsante.com/mcs/en/49-travel-sickness,200,,,,,,,,,
https://moncoinsante.com/mcs/en/51-migraine,200,,,,,,,,,
https://moncoinsante.com/mcs/en/53-stress-sleep,200,,,,,,,,,
https://moncoinsante.com/mcs/en/50-sore-throat,200,,,,,,,,,
https://moncoinsante.com/mcs/en/52-colds-coughs-and-flu-symptoms,200,,,,,,,,,
https://moncoinsante.com/mcs/en/54-various,200,,,,,,,,,
https://moncoinsante.com/mcs/en/55-slimming-and-water-retention,200,,,,,,,,,
https://moncoinsante.com/mcs/en/437-urinary-comfort-,200,,,,,,,,,
https://moncoinsante.com/mcs/en/57-allergies,200,,,,,,,,,
https://moncoinsante.com/mcs/en/56-ophthalmology-and-hearing,200,,,,,,,,,
https://moncoinsante.com/mcs/en/58-eye-antiseptic,200,,,,,,,,,
https://moncoinsante.com/mcs/en/60-eyes-irritation,200,,,,,,,,,
https://moncoinsante.com/mcs/en/61-ophthalmic-washes,200,,,,,,,,,
https://moncoinsante.com/mcs/en/59-ocular-scarring,200,,,,,,,,,
https://moncoinsante.com/mcs/en/62-dry-eyes,200,,,,,,,,,
https://moncoinsante.com/mcs/en/63-vision-disturbances,200,,,,,,,,,
https://moncoinsante.com/mcs/en/66-sore-throat,200,,,,,,,,,
https://moncoinsante.com/mcs/en/64-hearing,200,,,,,,,,,
https://moncoinsante.com/mcs/en/65-cold-throat-and-cough,200,,,,,,,,,
https://moncoinsante.com/mcs/en/67-cold-and-flu,200,,,,,,,,,
https://moncoinsante.com/mcs/en/68-fatty-cough,200,,,,,,,,,
https://moncoinsante.com/mcs/en/71-sinusitis,200,,,,,,,,,
https://moncoinsante.com/mcs/en/72-oral-health,200,,,,,,,,,
https://moncoinsante.com/mcs/en/69-dry-cough,200,,,,,,,,,
https://moncoinsante.com/mcs/en/70-allergic-rhinitis,200,,,,,,,,,
https://moncoinsante.com/mcs/en/73-prevention-of-cavities,200,,,,,,,,,
https://moncoinsante.com/mcs/en/76-dry-mouth,200,,,,,,,,,
https://moncoinsante.com/mcs/en/75-mouth-pain,200,,,,,,,,,
https://moncoinsante.com/mcs/en/74-gum-care,200,,,,,,,,,
https://moncoinsante.com/mcs/en/77-smoking-cessation,200,,,,,,,,,
https://moncoinsante.com/mcs/en/78-patches,200,,,,,,,,,
https://moncoinsante.com/mcs/en/81-sprays,200,,,,,,,,,
https://moncoinsante.com/mcs/en/80-erasers,200,,,,,,,,,
https://moncoinsante.com/mcs/en/79-tablets,200,,,,,,,,,
https://moncoinsante.com/mcs/en/82-digestive-disorders,200,,,,,,,,,
https://moncoinsante.com/mcs/en/83-bloating-flatulence,200,,,,,,,,,
https://moncoinsante.com/mcs/en/86-diarrhea,200,,,,,,,,,
https://moncoinsante.com/mcs/en/87-difficult-digestion,200,,,,,,,,,
https://moncoinsante.com/mcs/en/85-constipation,200,,,,,,,,,
https://moncoinsante.com/mcs/en/84-heartburn-acidity,200,,,,,,,,,
https://moncoinsante.com/mcs/en/88-stomach-ache,200,,,,,,,,,
https://moncoinsante.com/mcs/en/340-concentrated,200,,,,,,,,,
https://moncoinsante.com/mcs/en/341-classic,200,,,,,,,,,
https://moncoinsante.com/mcs/en/313-denutrition,200,,,,,,,,,
https://moncoinsante.com/mcs/en/89-nausea-vomiting,200,,,,,,,,,
https://moncoinsante.com/mcs/en/342-without-lactose,200,,,,,,,,,
https://moncoinsante.com/mcs/en/314-prostate,200,,,,,,,,,
https://moncoinsante.com/mcs/en/317-motion-sickness,200,,,,,,,,,
https://moncoinsante.com/mcs/en/343-without-sugar,200,,,,,,,,,
https://moncoinsante.com/mcs/en/344-powder,200,,,,,,,,,
https://moncoinsante.com/mcs/en/319-contraception,200,,,,,,,,,
https://moncoinsante.com/mcs/en/339-hydration,200,,,,,,,,,
https://moncoinsante.com/mcs/en/94-makeup,200,,,,,,,,,
https://moncoinsante.com/mcs/en/315-nails,200,,,,,,,,,
https://moncoinsante.com/mcs/en/90-beauty,200,,,,,,,,,
https://moncoinsante.com/mcs/en/364-nail-polish,200,,,,,,,,,
https://moncoinsante.com/mcs/en/365-nail-care,200,,,,,,,,,
https://moncoinsante.com/mcs/en/434-solvents,200,,,,,,,,,
https://moncoinsante.com/mcs/en/361-eyeshadow,200,,,,,,,,,
https://moncoinsante.com/mcs/en/321-eyes,200,,,,,,,,,
https://moncoinsante.com/mcs/en/362-mascara-kohl,200,,,,,,,,,
https://moncoinsante.com/mcs/en/363-care,200,,,,,,,,,
https://moncoinsante.com/mcs/en/438-eye-liner-,200,,,,,,,,,
https://moncoinsante.com/mcs/en/322-lips,200,,,,,,,,,
https://moncoinsante.com/mcs/en/366-lipstick,200,,,,,,,,,
https://moncoinsante.com/mcs/en/367-balm,200,,,,,,,,,
https://moncoinsante.com/mcs/en/368-gloss,200,,,,,,,,,
https://moncoinsante.com/mcs/en/357-bb-cream,200,,,,,,,,,
https://moncoinsante.com/mcs/en/359-fond-de-teint,200,,,,,,,,,
https://moncoinsante.com/mcs/en/323-complexion,200,,,,,,,,,
https://moncoinsante.com/mcs/en/358-cc-cream,200,,,,,,,,,
https://moncoinsante.com/mcs/en/360-powder,200,,,,,,,,,
https://moncoinsante.com/mcs/en/92-eaux-thermales-eaux-florales,200,,,,,,,,,
https://moncoinsante.com/mcs/en/91-face,200,,,,,,,,,
https://moncoinsante.com/mcs/en/332-brush,200,,,,,,,,,
https://moncoinsante.com/mcs/en/93-hydratants,200,,,,,,,,,
https://moncoinsante.com/mcs/en/97-acne-prone-skin,200,,,,,,,,,
https://moncoinsante.com/mcs/en/98-anti-aging-treatments,200,,,,,,,,,
https://moncoinsante.com/mcs/en/96-cleansers-makeup-removers,200,,,,,,,,,
https://moncoinsante.com/mcs/en/95-masks-scrubs,200,,,,,,,,,
https://moncoinsante.com/mcs/en/99-anti-redness-treatments,200,,,,,,,,,
https://moncoinsante.com/mcs/en/310-specific-treatments,200,,,,,,,,,
https://moncoinsante.com/mcs/en/102-dietary-supplement,200,,,,,,,,,
https://moncoinsante.com/mcs/en/100-lip-care,200,,,,,,,,,
https://moncoinsante.com/mcs/en/101-eye-care,200,,,,,,,,,
https://moncoinsante.com/mcs/en/103-hair,200,,,,,,,,,
https://moncoinsante.com/mcs/en/105-coloring,200,,,,,,,,,
https://moncoinsante.com/mcs/en/401-dry-shampoos,200,,,,,,,,,
https://moncoinsante.com/mcs/en/106-shampoos,200,,,,,,,,,
https://moncoinsante.com/mcs/en/104-anti-fall,200,,,,,,,,,
https://moncoinsante.com/mcs/en/402-solid-shampoos,200,,,,,,,,,
https://moncoinsante.com/mcs/en/309-anti-pollution,200,,,,,,,,,
https://moncoinsante.com/mcs/en/311-specific-treatments,200,,,,,,,,,
https://moncoinsante.com/mcs/en/107-masks-conditioners,200,,,,,,,,,
https://moncoinsante.com/mcs/en/108-styling-products,200,,,,,,,,,
https://moncoinsante.com/mcs/en/109-hair-treatments,200,,,,,,,,,
https://moncoinsante.com/mcs/en/113-deodorants-antiperspirants,200,,,,,,,,,
https://moncoinsante.com/mcs/en/111-travel-boxes-and-formats,200,,,,,,,,,
https://moncoinsante.com/mcs/en/110-dietary-supplement,200,,,,,,,,,
https://moncoinsante.com/mcs/en/112-body,200,,,,,,,,,
https://moncoinsante.com/mcs/en/114-shower-bath,200,,,,,,,,,
https://moncoinsante.com/mcs/en/117-exfoliating-care,200,,,,,,,,,
https://moncoinsante.com/mcs/en/115-moisturizers-repairers,200,,,,,,,,,
https://moncoinsante.com/mcs/en/116-wellness-treatments,200,,,,,,,,,
https://moncoinsante.com/mcs/en/118-hand-care,200,,,,,,,,,
https://moncoinsante.com/mcs/en/119-foot-leg-care,200,,,,,,,,,
https://moncoinsante.com/mcs/en/120-psoriasis-and-eczema,200,,,,,,,,,
https://moncoinsante.com/mcs/en/312-specific-treatments,200,,,,,,,,,
https://moncoinsante.com/mcs/en/121-men,200,,,,,,,,,
https://moncoinsante.com/mcs/en/122-shaving,200,,,,,,,,,
https://moncoinsante.com/mcs/en/123-facial-treatments,200,,,,,,,,,
https://moncoinsante.com/mcs/en/124-perfumes-and-toilet-waters,200,,,,,,,,,
https://moncoinsante.com/mcs/en/126-after-sun,200,,,,,,,,,
https://moncoinsante.com/mcs/en/127-sunscreen,200,,,,,,,,,
https://moncoinsante.com/mcs/en/125-solar,200,,,,,,,,,
https://moncoinsante.com/mcs/en/128-spray-tan,200,,,,,,,,,
https://moncoinsante.com/mcs/en/131-manicure-pedicure,200,,,,,,,,,
https://moncoinsante.com/mcs/en/129-dietary-supplement,200,,,,,,,,,
https://moncoinsante.com/mcs/en/132-various,200,,,,,,,,,
https://moncoinsante.com/mcs/en/130-beauty-accessories,200,,,,,,,,,
https://moncoinsante.com/mcs/en/356-perfumery,200,,,,,,,,,
https://moncoinsante.com/mcs/en/135-drainers,200,,,,,,,,,
https://moncoinsante.com/mcs/en/133-dietary-slimming,200,,,,,,,,,
https://moncoinsante.com/mcs/en/136-detoxifying,200,,,,,,,,,
https://moncoinsante.com/mcs/en/134-food-supplements,200,,,,,,,,,
https://moncoinsante.com/mcs/en/137-fat-burners,200,,,,,,,,,
https://moncoinsante.com/mcs/en/139-sugar-sensor,200,,,,,,,,,
https://moncoinsante.com/mcs/en/138-fat-sensors,200,,,,,,,,,
https://moncoinsante.com/mcs/en/140-flat-belly,200,,,,,,,,,
https://moncoinsante.com/mcs/en/141-appetite-suppressant,200,,,,,,,,,
https://moncoinsante.com/mcs/en/142-slimming-treatments,200,,,,,,,,,
https://moncoinsante.com/mcs/en/144-before-sport,200,,,,,,,,,
https://moncoinsante.com/mcs/en/143-sport,200,,,,,,,,,
https://moncoinsante.com/mcs/en/145-sports-recovery,200,,,,,,,,,
https://moncoinsante.com/mcs/en/147-hygiene-health,200,,,,,,,,,
